INSERT INTO public.resume (uuid, full_name) VALUES ('8212965e-5719-4228-a46a-64b01fdd6cc1', 'Name1');
INSERT INTO public.resume (uuid, full_name) VALUES ('38c420e8-06e9-456e-9dd0-c0bf87ede072', 'Name2');
INSERT INTO public.resume (uuid, full_name) VALUES ('c4e426d2-137d-4f1c-8e4f-8cee45dc92d5', 'Name3');
INSERT INTO public.resume (uuid, full_name) VALUES ('4cde004b-876c-4ee0-92cf-74db554fe026', 'Name4');


INSERT INTO public.contact (id, resume_uuid, type, value) VALUES (29, '8212965e-5719-4228-a46a-64b01fdd6cc1', 'PHONE', '+7(921) 855-0482');
INSERT INTO public.contact (id, resume_uuid, type, value) VALUES (30, '8212965e-5719-4228-a46a-64b01fdd6cc1', 'SKYPE', 'skype:grigory.kislin');
INSERT INTO public.contact (id, resume_uuid, type, value) VALUES (31, '8212965e-5719-4228-a46a-64b01fdd6cc1', 'MAIL', 'gkislin@yandex.ru');
INSERT INTO public.contact (id, resume_uuid, type, value) VALUES (32, '8212965e-5719-4228-a46a-64b01fdd6cc1', 'LINKEDIN', 'https://www.linkedin.com/in/gkislin');
INSERT INTO public.contact (id, resume_uuid, type, value) VALUES (33, '8212965e-5719-4228-a46a-64b01fdd6cc1', 'GITHUB', 'https://github.com/gkislin');
INSERT INTO public.contact (id, resume_uuid, type, value) VALUES (34, '8212965e-5719-4228-a46a-64b01fdd6cc1', 'STATCKOVERFLOW', 'https://stackoverflow.com/users/548473');
INSERT INTO public.contact (id, resume_uuid, type, value) VALUES (35, '8212965e-5719-4228-a46a-64b01fdd6cc1', 'HOME_PAGE', 'http://gkislin.ru/');
INSERT INTO public.contact (id, resume_uuid, type, value) VALUES (36, '38c420e8-06e9-456e-9dd0-c0bf87ede072', 'PHONE', '+7(921) 855-0482');
INSERT INTO public.contact (id, resume_uuid, type, value) VALUES (37, '38c420e8-06e9-456e-9dd0-c0bf87ede072', 'SKYPE', 'skype:grigory.kislin');
INSERT INTO public.contact (id, resume_uuid, type, value) VALUES (38, '38c420e8-06e9-456e-9dd0-c0bf87ede072', 'MAIL', 'gkislin@yandex.ru');


INSERT INTO public.section (id, resume_uuid, type, content) VALUES (21, '8212965e-5719-4228-a46a-64b01fdd6cc1', 'EXPERIENCE', '{"CLASSNAME":"ru.javawebinar.basejava.model.OrganizationSection","INSTANCE":{"organizations":[{"homePage":{"name":"Java Online Projects","url":"http://javaops.ru/"},"positions":[{"period":{"startDate":"2013-10-01","endDate":"3000-01-01"},"title":"Автор проекта","description":"Создание, организация и проведение Java онлайн проектов и стажировок."}]},{"homePage":{"name":"Wrike","url":"https://www.wrike.com/"},"positions":[{"period":{"startDate":"2014-10-01","endDate":"2016-01-01"},"title":"Старший разработчик (backend)","description":"Проектирование и разработка онлайн платформы управления проектами Wrike (Java 8 API, Maven, Spring, MyBatis, Guava, Vaadin, PostgreSQL, Redis). Двухфакторная аутентификация, авторизация по OAuth1, OAuth2, JWT SSO."}]}]}}');
INSERT INTO public.section (id, resume_uuid, type, content) VALUES (24, '38c420e8-06e9-456e-9dd0-c0bf87ede072', 'PERSONAL', '{"CLASSNAME":"ru.javawebinar.basejava.model.TextSection","INSTANCE":{"content":"Аналитический склад ума, сильная логика, креативность, инициативность. Пурист кода и архитектуры."}}');
INSERT INTO public.section (id, resume_uuid, type, content) VALUES (22, '8212965e-5719-4228-a46a-64b01fdd6cc1', 'EDUCATION', '{"CLASSNAME":"ru.javawebinar.basejava.model.OrganizationSection","INSTANCE":{"organizations":[{"homePage":{"name":"Coursera","url":"http://javaops.ru/"},"positions":[{"period":{"startDate":"2013-03-01","endDate":"2013-05-01"},"title":"\u0027Functional Programming Principles in Scala\u0027 by Martin Odersky","description":""}]},{"homePage":{"name":"Luxoft","url":"http://www.luxoft-training.ru/training/catalog/course.html?ID\u003d22366"},"positions":[{"period":{"startDate":"2011-03-01","endDate":"2011-04-01"},"title":"Курс \u0027Объектно-ориентированный анализ ИС. Концептуальное моделирование на UML.\u0027","description":""}]}]}}');
INSERT INTO public.section (id, resume_uuid, type, content) VALUES (17, '8212965e-5719-4228-a46a-64b01fdd6cc1', 'OBJECTIVE', '{"CLASSNAME":"ru.javawebinar.basejava.model.TextSection","INSTANCE":{"content":"Ведущий стажировок и корпоративного обучения по Java Web и Enterprise технологиям"}}');
INSERT INTO public.section (id, resume_uuid, type, content) VALUES (18, '8212965e-5719-4228-a46a-64b01fdd6cc1', 'PERSONAL', '{"CLASSNAME":"ru.javawebinar.basejava.model.TextSection","INSTANCE":{"content":"Аналитический склад ума, сильная логика, креативность, инициативность. Пурист кода и архитектуры."}}');
INSERT INTO public.section (id, resume_uuid, type, content) VALUES (19, '8212965e-5719-4228-a46a-64b01fdd6cc1', 'ACHIEVEMENT', '{"CLASSNAME":"ru.javawebinar.basejava.model.ListSection","INSTANCE":{"items":["Организация команды и успешная реализация Java проектов для сторонних заказчиков: приложения автопарк на стеке Spring Cloud/микросервисы, система мониторинга показателей спортсменов на Spring Boot, участие в проекте МЭШ на Play-2, многомодульный Spring Boot + Vaadin проект для комплексных DIY смет","С 2013 года: разработка проектов \"Разработка Web приложения\",\"Java Enterprise\", \"Многомодульный maven. Многопоточность. XML (JAXB/StAX). Веб сервисы (JAX-RS/SOAP). Удаленное взаимодействие (JMS/AKKA)\". Организация онлайн стажировок и ведение проектов. Более 3500 выпускников.","Реализация двухфакторной аутентификации для онлайн платформы управления проектами Wrike. Интеграция с Twilio, DuoSecurity, Google Authenticator, Jira, Zendesk.","Налаживание процесса разработки и непрерывной интеграции ERP системы River BPM. Интеграция с 1С, Bonita BPM, CMIS, LDAP. Разработка приложения управления окружением на стеке: Scala/Play/Anorm/JQuery. Разработка SSO аутентификации и авторизации различных ERP модулей, интеграция CIFS/SMB java сервера.","Реализация c нуля Rich Internet Application приложения на стеке технологий JPA, Spring, Spring-MVC, GWT, ExtGWT (GXT), Commet, HTML5, Highstock для алгоритмического трейдинга.","Создание JavaEE фреймворка для отказоустойчивого взаимодействия слабо-связанных сервисов (SOA-base архитектура, JAX-WS, JMS, AS Glassfish). Сбор статистики сервисов и информации о состоянии через систему мониторинга Nagios. Реализация онлайн клиента для администрирования и мониторинга системы по JMX (Jython/ Django).","Реализация протоколов по приему платежей всех основных платежных системы России (Cyberplat, Eport, Chronopay, Сбербанк), Белоруcсии(Erip, Osmp) и Никарагуа."]}}');
INSERT INTO public.section (id, resume_uuid, type, content) VALUES (20, '8212965e-5719-4228-a46a-64b01fdd6cc1', 'QUALIFICATIONS', '{"CLASSNAME":"ru.javawebinar.basejava.model.ListSection","INSTANCE":{"items":["JEE AS: GlassFish (v2.1, v3), OC4J, JBoss, Tomcat, Jetty, WebLogic, WSO2","Version control: Subversion, Git, Mercury, ClearCase, Perforce","DB: PostgreSQL(наследование, pgplsql, PL/Python), Redis (Jedis), H2, Oracle, MySQL, SQLite, MS SQL, HSQLDB","Languages: Java, Scala, Python/Jython/PL-Python, JavaScript, Groovy","XML/XSD/XSLT, SQL, C/C++, Unix shell scripts","Java Frameworks: Java 8 (Time API, Streams), Guava, Java Executor, MyBatis, Spring (MVC, Security, Data, Clouds, Boot), JPA (Hibernate, EclipseLink), Guice, GWT(SmartGWT, ExtGWT/GXT), Vaadin, Jasperreports, Apache Commons, Eclipse SWT, JUnit, Selenium (htmlelements).","Python: Django.","JavaScript: jQuery, ExtJS, Bootstrap.js, underscore.js","Scala: SBT, Play2, Specs2, Anorm, Spray, Akka","Технологии: Servlet, JSP/JSTL, JAX-WS, REST, EJB, RMI, JMS, JavaMail, JAXB, StAX, SAX, DOM, XSLT, MDB, JMX, JDBC, JPA, JNDI, JAAS, SOAP, AJAX, Commet, HTML5, ESB, CMIS, BPMN2, LDAP, OAuth1, OAuth2, JWT.","Инструменты: Maven + plugin development, Gradle, настройка Ngnix","администрирование Hudson/Jenkins, Ant + custom task, SoapUI, JPublisher, Flyway, Nagios, iReport, OpenCmis, Bonita, pgBouncer","Отличное знание и опыт применения концепций ООП, SOA, шаблонов проектрирования, архитектурных шаблонов, UML, функционального программирования","Родной русский, английский \"upper intermediate\""]}}');
INSERT INTO public.section (id, resume_uuid, type, content) VALUES (23, '38c420e8-06e9-456e-9dd0-c0bf87ede072', 'OBJECTIVE', '{"CLASSNAME":"ru.javawebinar.basejava.model.TextSection","INSTANCE":{"content":"Ведущий стажировок и корпоративного обучения по Java Web и Enterprise технологиям"}}');
INSERT INTO public.section (id, resume_uuid, type, content) VALUES (25, '38c420e8-06e9-456e-9dd0-c0bf87ede072', 'ACHIEVEMENT', '{"CLASSNAME":"ru.javawebinar.basejava.model.ListSection","INSTANCE":{"items":["Организация команды и успешная реализация Java проектов для сторонних заказчиков: приложения автопарк на стеке Spring Cloud/микросервисы, система мониторинга показателей спортсменов на Spring Boot, участие в проекте МЭШ на Play-2, многомодульный Spring Boot + Vaadin проект для комплексных DIY смет","С 2013 года: разработка проектов \"Разработка Web приложения\",\"Java Enterprise\", \"Многомодульный maven. Многопоточность. XML (JAXB/StAX). Веб сервисы (JAX-RS/SOAP). Удаленное взаимодействие (JMS/AKKA)\". Организация онлайн стажировок и ведение проектов. Более 3500 выпускников.","Реализация двухфакторной аутентификации для онлайн платформы управления проектами Wrike. Интеграция с Twilio, DuoSecurity, Google Authenticator, Jira, Zendesk.","Налаживание процесса разработки и непрерывной интеграции ERP системы River BPM. Интеграция с 1С, Bonita BPM, CMIS, LDAP. Разработка приложения управления окружением на стеке: Scala/Play/Anorm/JQuery. Разработка SSO аутентификации и авторизации различных ERP модулей, интеграция CIFS/SMB java сервера.","Реализация c нуля Rich Internet Application приложения на стеке технологий JPA, Spring, Spring-MVC, GWT, ExtGWT (GXT), Commet, HTML5, Highstock для алгоритмического трейдинга.","Создание JavaEE фреймворка для отказоустойчивого взаимодействия слабо-связанных сервисов (SOA-base архитектура, JAX-WS, JMS, AS Glassfish). Сбор статистики сервисов и информации о состоянии через систему мониторинга Nagios. Реализация онлайн клиента для администрирования и мониторинга системы по JMX (Jython/ Django).","Реализация протоколов по приему платежей всех основных платежных системы России (Cyberplat, Eport, Chronopay, Сбербанк), Белоруcсии(Erip, Osmp) и Никарагуа."]}}');
INSERT INTO public.section (id, resume_uuid, type, content) VALUES (26, '38c420e8-06e9-456e-9dd0-c0bf87ede072', 'QUALIFICATIONS', '{"CLASSNAME":"ru.javawebinar.basejava.model.ListSection","INSTANCE":{"items":["JEE AS: GlassFish (v2.1, v3), OC4J, JBoss, Tomcat, Jetty, WebLogic, WSO2","Version control: Subversion, Git, Mercury, ClearCase, Perforce","DB: PostgreSQL(наследование, pgplsql, PL/Python), Redis (Jedis), H2, Oracle, MySQL, SQLite, MS SQL, HSQLDB","Languages: Java, Scala, Python/Jython/PL-Python, JavaScript, Groovy","XML/XSD/XSLT, SQL, C/C++, Unix shell scripts","Java Frameworks: Java 8 (Time API, Streams), Guava, Java Executor, MyBatis, Spring (MVC, Security, Data, Clouds, Boot), JPA (Hibernate, EclipseLink), Guice, GWT(SmartGWT, ExtGWT/GXT), Vaadin, Jasperreports, Apache Commons, Eclipse SWT, JUnit, Selenium (htmlelements).","Python: Django.","JavaScript: jQuery, ExtJS, Bootstrap.js, underscore.js","Scala: SBT, Play2, Specs2, Anorm, Spray, Akka","Технологии: Servlet, JSP/JSTL, JAX-WS, REST, EJB, RMI, JMS, JavaMail, JAXB, StAX, SAX, DOM, XSLT, MDB, JMX, JDBC, JPA, JNDI, JAAS, SOAP, AJAX, Commet, HTML5, ESB, CMIS, BPMN2, LDAP, OAuth1, OAuth2, JWT.","Инструменты: Maven + plugin development, Gradle, настройка Ngnix","администрирование Hudson/Jenkins, Ant + custom task, SoapUI, JPublisher, Flyway, Nagios, iReport, OpenCmis, Bonita, pgBouncer","Отличное знание и опыт применения концепций ООП, SOA, шаблонов проектрирования, архитектурных шаблонов, UML, функционального программирования","Родной русский, английский \"upper intermediate\""]}}');
INSERT INTO public.section (id, resume_uuid, type, content) VALUES (27, '38c420e8-06e9-456e-9dd0-c0bf87ede072', 'EXPERIENCE', '{"CLASSNAME":"ru.javawebinar.basejava.model.OrganizationSection","INSTANCE":{"organizations":[{"homePage":{"name":"Java Online Projects","url":"http://javaops.ru/"},"positions":[{"period":{"startDate":"2013-10-01","endDate":"3000-01-01"},"title":"Автор проекта","description":"Создание, организация и проведение Java онлайн проектов и стажировок."}]},{"homePage":{"name":"Wrike","url":"https://www.wrike.com/"},"positions":[{"period":{"startDate":"2014-10-01","endDate":"2016-01-01"},"title":"Старший разработчик (backend)","description":"Проектирование и разработка онлайн платформы управления проектами Wrike (Java 8 API, Maven, Spring, MyBatis, Guava, Vaadin, PostgreSQL, Redis). Двухфакторная аутентификация, авторизация по OAuth1, OAuth2, JWT SSO."}]}]}}');
INSERT INTO public.section (id, resume_uuid, type, content) VALUES (28, '38c420e8-06e9-456e-9dd0-c0bf87ede072', 'EDUCATION', '{"CLASSNAME":"ru.javawebinar.basejava.model.OrganizationSection","INSTANCE":{"organizations":[{"homePage":{"name":"Coursera","url":"http://javaops.ru/"},"positions":[{"period":{"startDate":"2013-03-01","endDate":"2013-05-01"},"title":"\u0027Functional Programming Principles in Scala\u0027 by Martin Odersky","description":""}]},{"homePage":{"name":"Luxoft","url":"http://www.luxoft-training.ru/training/catalog/course.html?ID\u003d22366"},"positions":[{"period":{"startDate":"2011-03-01","endDate":"2011-04-01"},"title":"Курс \u0027Объектно-ориентированный анализ ИС. Концептуальное моделирование на UML.\u0027","description":""}]}]}}');
INSERT INTO public.section (id, resume_uuid, type, content) VALUES (29, 'c4e426d2-137d-4f1c-8e4f-8cee45dc92d5', 'OBJECTIVE', '{"CLASSNAME":"ru.javawebinar.basejava.model.TextSection","INSTANCE":{"content":"Ведущий стажировок и корпоративного обучения по Java Web и Enterprise технологиям"}}');
INSERT INTO public.section (id, resume_uuid, type, content) VALUES (30, 'c4e426d2-137d-4f1c-8e4f-8cee45dc92d5', 'PERSONAL', '{"CLASSNAME":"ru.javawebinar.basejava.model.TextSection","INSTANCE":{"content":"Аналитический склад ума, сильная логика, креативность, инициативность. Пурист кода и архитектуры."}}');
INSERT INTO public.section (id, resume_uuid, type, content) VALUES (31, 'c4e426d2-137d-4f1c-8e4f-8cee45dc92d5', 'ACHIEVEMENT', '{"CLASSNAME":"ru.javawebinar.basejava.model.ListSection","INSTANCE":{"items":["Организация команды и успешная реализация Java проектов для сторонних заказчиков: приложения автопарк на стеке Spring Cloud/микросервисы, система мониторинга показателей спортсменов на Spring Boot, участие в проекте МЭШ на Play-2, многомодульный Spring Boot + Vaadin проект для комплексных DIY смет","С 2013 года: разработка проектов \"Разработка Web приложения\",\"Java Enterprise\", \"Многомодульный maven. Многопоточность. XML (JAXB/StAX). Веб сервисы (JAX-RS/SOAP). Удаленное взаимодействие (JMS/AKKA)\". Организация онлайн стажировок и ведение проектов. Более 3500 выпускников.","Реализация двухфакторной аутентификации для онлайн платформы управления проектами Wrike. Интеграция с Twilio, DuoSecurity, Google Authenticator, Jira, Zendesk.","Налаживание процесса разработки и непрерывной интеграции ERP системы River BPM. Интеграция с 1С, Bonita BPM, CMIS, LDAP. Разработка приложения управления окружением на стеке: Scala/Play/Anorm/JQuery. Разработка SSO аутентификации и авторизации различных ERP модулей, интеграция CIFS/SMB java сервера.","Реализация c нуля Rich Internet Application приложения на стеке технологий JPA, Spring, Spring-MVC, GWT, ExtGWT (GXT), Commet, HTML5, Highstock для алгоритмического трейдинга.","Создание JavaEE фреймворка для отказоустойчивого взаимодействия слабо-связанных сервисов (SOA-base архитектура, JAX-WS, JMS, AS Glassfish). Сбор статистики сервисов и информации о состоянии через систему мониторинга Nagios. Реализация онлайн клиента для администрирования и мониторинга системы по JMX (Jython/ Django).","Реализация протоколов по приему платежей всех основных платежных системы России (Cyberplat, Eport, Chronopay, Сбербанк), Белоруcсии(Erip, Osmp) и Никарагуа."]}}');
INSERT INTO public.section (id, resume_uuid, type, content) VALUES (32, 'c4e426d2-137d-4f1c-8e4f-8cee45dc92d5', 'QUALIFICATIONS', '{"CLASSNAME":"ru.javawebinar.basejava.model.ListSection","INSTANCE":{"items":["JEE AS: GlassFish (v2.1, v3), OC4J, JBoss, Tomcat, Jetty, WebLogic, WSO2","Version control: Subversion, Git, Mercury, ClearCase, Perforce","DB: PostgreSQL(наследование, pgplsql, PL/Python), Redis (Jedis), H2, Oracle, MySQL, SQLite, MS SQL, HSQLDB","Languages: Java, Scala, Python/Jython/PL-Python, JavaScript, Groovy","XML/XSD/XSLT, SQL, C/C++, Unix shell scripts","Java Frameworks: Java 8 (Time API, Streams), Guava, Java Executor, MyBatis, Spring (MVC, Security, Data, Clouds, Boot), JPA (Hibernate, EclipseLink), Guice, GWT(SmartGWT, ExtGWT/GXT), Vaadin, Jasperreports, Apache Commons, Eclipse SWT, JUnit, Selenium (htmlelements).","Python: Django.","JavaScript: jQuery, ExtJS, Bootstrap.js, underscore.js","Scala: SBT, Play2, Specs2, Anorm, Spray, Akka","Технологии: Servlet, JSP/JSTL, JAX-WS, REST, EJB, RMI, JMS, JavaMail, JAXB, StAX, SAX, DOM, XSLT, MDB, JMX, JDBC, JPA, JNDI, JAAS, SOAP, AJAX, Commet, HTML5, ESB, CMIS, BPMN2, LDAP, OAuth1, OAuth2, JWT.","Инструменты: Maven + plugin development, Gradle, настройка Ngnix","администрирование Hudson/Jenkins, Ant + custom task, SoapUI, JPublisher, Flyway, Nagios, iReport, OpenCmis, Bonita, pgBouncer","Отличное знание и опыт применения концепций ООП, SOA, шаблонов проектрирования, архитектурных шаблонов, UML, функционального программирования","Родной русский, английский \"upper intermediate\""]}}');
INSERT INTO public.section (id, resume_uuid, type, content) VALUES (33, 'c4e426d2-137d-4f1c-8e4f-8cee45dc92d5', 'EXPERIENCE', '{"CLASSNAME":"ru.javawebinar.basejava.model.OrganizationSection","INSTANCE":{"organizations":[{"homePage":{"name":"Java Online Projects","url":"http://javaops.ru/"},"positions":[{"period":{"startDate":"2013-10-01","endDate":"3000-01-01"},"title":"Автор проекта","description":"Создание, организация и проведение Java онлайн проектов и стажировок."}]},{"homePage":{"name":"Wrike","url":"https://www.wrike.com/"},"positions":[{"period":{"startDate":"2014-10-01","endDate":"2016-01-01"},"title":"Старший разработчик (backend)","description":"Проектирование и разработка онлайн платформы управления проектами Wrike (Java 8 API, Maven, Spring, MyBatis, Guava, Vaadin, PostgreSQL, Redis). Двухфакторная аутентификация, авторизация по OAuth1, OAuth2, JWT SSO."}]}]}}');
INSERT INTO public.section (id, resume_uuid, type, content) VALUES (34, 'c4e426d2-137d-4f1c-8e4f-8cee45dc92d5', 'EDUCATION', '{"CLASSNAME":"ru.javawebinar.basejava.model.OrganizationSection","INSTANCE":{"organizations":[{"homePage":{"name":"Coursera","url":"http://javaops.ru/"},"positions":[{"period":{"startDate":"2013-03-01","endDate":"2013-05-01"},"title":"\u0027Functional Programming Principles in Scala\u0027 by Martin Odersky","description":""}]},{"homePage":{"name":"Luxoft","url":"http://www.luxoft-training.ru/training/catalog/course.html?ID\u003d22366"},"positions":[{"period":{"startDate":"2011-03-01","endDate":"2011-04-01"},"title":"Курс \u0027Объектно-ориентированный анализ ИС. Концептуальное моделирование на UML.\u0027","description":""}]}]}}');
INSERT INTO public.section (id, resume_uuid, type, content) VALUES (35, '4cde004b-876c-4ee0-92cf-74db554fe026', 'OBJECTIVE', '{"CLASSNAME":"ru.javawebinar.basejava.model.TextSection","INSTANCE":{"content":"Ведущий стажировок и корпоративного обучения по Java Web и Enterprise технологиям"}}');
INSERT INTO public.section (id, resume_uuid, type, content) VALUES (36, '4cde004b-876c-4ee0-92cf-74db554fe026', 'PERSONAL', '{"CLASSNAME":"ru.javawebinar.basejava.model.TextSection","INSTANCE":{"content":"Аналитический склад ума, сильная логика, креативность, инициативность. Пурист кода и архитектуры."}}');
INSERT INTO public.section (id, resume_uuid, type, content) VALUES (37, '4cde004b-876c-4ee0-92cf-74db554fe026', 'ACHIEVEMENT', '{"CLASSNAME":"ru.javawebinar.basejava.model.ListSection","INSTANCE":{"items":["Организация команды и успешная реализация Java проектов для сторонних заказчиков: приложения автопарк на стеке Spring Cloud/микросервисы, система мониторинга показателей спортсменов на Spring Boot, участие в проекте МЭШ на Play-2, многомодульный Spring Boot + Vaadin проект для комплексных DIY смет","С 2013 года: разработка проектов \"Разработка Web приложения\",\"Java Enterprise\", \"Многомодульный maven. Многопоточность. XML (JAXB/StAX). Веб сервисы (JAX-RS/SOAP). Удаленное взаимодействие (JMS/AKKA)\". Организация онлайн стажировок и ведение проектов. Более 3500 выпускников.","Реализация двухфакторной аутентификации для онлайн платформы управления проектами Wrike. Интеграция с Twilio, DuoSecurity, Google Authenticator, Jira, Zendesk.","Налаживание процесса разработки и непрерывной интеграции ERP системы River BPM. Интеграция с 1С, Bonita BPM, CMIS, LDAP. Разработка приложения управления окружением на стеке: Scala/Play/Anorm/JQuery. Разработка SSO аутентификации и авторизации различных ERP модулей, интеграция CIFS/SMB java сервера.","Реализация c нуля Rich Internet Application приложения на стеке технологий JPA, Spring, Spring-MVC, GWT, ExtGWT (GXT), Commet, HTML5, Highstock для алгоритмического трейдинга.","Создание JavaEE фреймворка для отказоустойчивого взаимодействия слабо-связанных сервисов (SOA-base архитектура, JAX-WS, JMS, AS Glassfish). Сбор статистики сервисов и информации о состоянии через систему мониторинга Nagios. Реализация онлайн клиента для администрирования и мониторинга системы по JMX (Jython/ Django).","Реализация протоколов по приему платежей всех основных платежных системы России (Cyberplat, Eport, Chronopay, Сбербанк), Белоруcсии(Erip, Osmp) и Никарагуа."]}}');
INSERT INTO public.section (id, resume_uuid, type, content) VALUES (38, '4cde004b-876c-4ee0-92cf-74db554fe026', 'QUALIFICATIONS', '{"CLASSNAME":"ru.javawebinar.basejava.model.ListSection","INSTANCE":{"items":["JEE AS: GlassFish (v2.1, v3), OC4J, JBoss, Tomcat, Jetty, WebLogic, WSO2","Version control: Subversion, Git, Mercury, ClearCase, Perforce","DB: PostgreSQL(наследование, pgplsql, PL/Python), Redis (Jedis), H2, Oracle, MySQL, SQLite, MS SQL, HSQLDB","Languages: Java, Scala, Python/Jython/PL-Python, JavaScript, Groovy","XML/XSD/XSLT, SQL, C/C++, Unix shell scripts","Java Frameworks: Java 8 (Time API, Streams), Guava, Java Executor, MyBatis, Spring (MVC, Security, Data, Clouds, Boot), JPA (Hibernate, EclipseLink), Guice, GWT(SmartGWT, ExtGWT/GXT), Vaadin, Jasperreports, Apache Commons, Eclipse SWT, JUnit, Selenium (htmlelements).","Python: Django.","JavaScript: jQuery, ExtJS, Bootstrap.js, underscore.js","Scala: SBT, Play2, Specs2, Anorm, Spray, Akka","Технологии: Servlet, JSP/JSTL, JAX-WS, REST, EJB, RMI, JMS, JavaMail, JAXB, StAX, SAX, DOM, XSLT, MDB, JMX, JDBC, JPA, JNDI, JAAS, SOAP, AJAX, Commet, HTML5, ESB, CMIS, BPMN2, LDAP, OAuth1, OAuth2, JWT.","Инструменты: Maven + plugin development, Gradle, настройка Ngnix","администрирование Hudson/Jenkins, Ant + custom task, SoapUI, JPublisher, Flyway, Nagios, iReport, OpenCmis, Bonita, pgBouncer","Отличное знание и опыт применения концепций ООП, SOA, шаблонов проектрирования, архитектурных шаблонов, UML, функционального программирования","Родной русский, английский \"upper intermediate\""]}}');
INSERT INTO public.section (id, resume_uuid, type, content) VALUES (39, '4cde004b-876c-4ee0-92cf-74db554fe026', 'EXPERIENCE', '{"CLASSNAME":"ru.javawebinar.basejava.model.OrganizationSection","INSTANCE":{"organizations":[{"homePage":{"name":"Java Online Projects","url":"http://javaops.ru/"},"positions":[{"period":{"startDate":"2013-10-01","endDate":"3000-01-01"},"title":"Автор проекта","description":"Создание, организация и проведение Java онлайн проектов и стажировок."}]},{"homePage":{"name":"Wrike","url":"https://www.wrike.com/"},"positions":[{"period":{"startDate":"2014-10-01","endDate":"2016-01-01"},"title":"Старший разработчик (backend)","description":"Проектирование и разработка онлайн платформы управления проектами Wrike (Java 8 API, Maven, Spring, MyBatis, Guava, Vaadin, PostgreSQL, Redis). Двухфакторная аутентификация, авторизация по OAuth1, OAuth2, JWT SSO."}]}]}}');
INSERT INTO public.section (id, resume_uuid, type, content) VALUES (40, '4cde004b-876c-4ee0-92cf-74db554fe026', 'EDUCATION', '{"CLASSNAME":"ru.javawebinar.basejava.model.OrganizationSection","INSTANCE":{"organizations":[{"homePage":{"name":"Coursera","url":"http://javaops.ru/"},"positions":[{"period":{"startDate":"2013-03-01","endDate":"2013-05-01"},"title":"\u0027Functional Programming Principles in Scala\u0027 by Martin Odersky","description":""}]},{"homePage":{"name":"Luxoft","url":"http://www.luxoft-training.ru/training/catalog/course.html?ID\u003d22366"},"positions":[{"period":{"startDate":"2011-03-01","endDate":"2011-04-01"},"title":"Курс \u0027Объектно-ориентированный анализ ИС. Концептуальное моделирование на UML.\u0027","description":""}]}]}}');



